Content Fulfillment Status,Content Date Fulfilled,Content Topic,Content Link,Account Manager,Opportunity Name,Account Name,Billing State/Province,type,Account Charter Number,certNumber
Posted,10/1/15,403b plans,http://www.aaeccu.com/newsletter.php,Hallie Pond,A.A.E.C. Credit Union-Content-Existing Business,A.A.E.C. Credit Union,IL,cu,60648-cu,60648
Posted,5/21/15,Teaching Kids Money Skills,http://blog.abbybank.com/how-to-teach-your-kids-good-saving-skills/,Hallie Pond,Abby Bank-Content-New Business,Abby Bank,WI,bk,19795-bk,19795
Posted,4/23/15,,http://blog.abbybank.com/budget-skills-can-help-kids-become-financially-secure-adults/,Hallie Pond,Abby Bank-None-New Business,Abby Bank,WI,bk,19795-bk,19795
Posted,3/30/15,HELOC,https://www.aerofed.net/blog/2015/03/30/advantages-home-equity-loans-nerd-wallet-guest-blog/,Hallie Pond,AERO Federal Credit Union-Content-Existing Business,AERO Federal Credit Union,AZ,cu,12164-cu,12164
Posted,3/30/15,,https://www.aerofed.net/blog/2015/03/30/advantages-home-equity-loans-nerd-wallet-guest-blog/,Hallie Pond,AERO Federal Credit Union-None-New Business,AERO Federal Credit Union,AZ,cu,12164-cu,12164
Posted,5/4/15,,https://www.myaffinitybank.com/uploads/docs/Winter2015.pdf,Hallie Pond,Affinity Bank-None-New Business,Affinity Bank,GA,bk,57264-bk,57264
Posted,5/4/15,,https://www.myaffinitybank.com/uploads/docs/Winter2015.pdf,Hallie Pond,Affinity Bank-Content-Existing Business,Affinity Bank,GA,bk,57264-bk,57264
Posted,11/18/15,*5 Ways to Protect your Identity,https://www.myalliancebank.com/f8web/?uf=.//PDFs/5WaysToProtectYourIdentityOnlineAndOff_wHL.pdf,Hallie Pond,Alliance Bank-Mixed-New Business,Alliance Bank,IN,bk,197-bk,197
Posted,8/4/15,Best Ways to Save for your First Home,http://www.amblersav.com/ContentDocumentHandler.ashx?documentId=34844,Hallie Pond,Ambler Savings Bank-Content-New Business,Ambler Savings Bank,PA,bk,28701-bk,28701
Posted,9/24/15,Curtesy Pay - how it works and why you'll love it,http://ig.libertyonline.net/ImageGallery/Custom/cu1060/PDFs/oct15newsletter.pdf,Hallie Pond,AMERICO Federal Credit Union-Content-New Business,AMERICO Federal Credit Union,PA,cu,12752-cu,12752
Posted,11/3/15,Top 5 reasons for Mobile Banking,https://www.memberadviser.com/agcu/e_article003255137.cfm?x=b11,0,w,Hallie Pond,ASSEMBLIES OF GOD Credit Union-Content-Existing Business,ASSEMBLIES OF GOD Credit Union,MO,cu,62897-cu,62897
Posted,10/19/15,How to make the most of your e-banking,http://www.asteracu.com/about-us/blog,Hallie Pond,Astera Credit Union-Content-New Business,Astera Credit Union,MI,cu,60920-cu,60920
Posted,1/21/15,Add-On CDs,http://blog.bank5connect.com/money-management/how-do-add-on-certificates-of-deposit-work,Hallie Pond,BankFive-Content-Existing Business,BankFive,MA,bk,23286-bk,23286
Posted,6/4/15,Fraud Prevention,https://www.benchmarkbank.com/blog/detail/tips_to_prevent_identity_theft_and_fraud,Hallie Pond,Benchmark Bank-None-New Business,Benchmark Bank,TX,bk,19215-bk,19215
Posted,9/8/15,Parents setting a good example for kids,http://www.bhccu.org/2015/09/04/teaching-money-lessons-to-kids/,Hallie Pond,BLACKHAWK COMMUNITY Credit Union-Content-Existing Business,BLACKHAWK COMMUNITY Credit Union,WI,cu,66998-cu,66998
Posted,8/25/15,7 reasons to choose a community bank over a big bank,https://www.bonnevillebank.com/news.php,Hallie Pond,Bonneville Bank-Mixed-New Business,Bonneville Bank,UT,bk,22653-bk,22653
Posted,9/9/15,Mortgages for Med Students,https://www.capitolbank.com/about-news.htm,Hallie Pond,Capitol Bank-Content-New Business,Capitol Bank,WI,bk,34074-bk,34074
Posted,4/7/15,Homebuyers,https://www.carolinatrust.org/financial_education.aspx?a=viewPost&PostID=28100,Hallie Pond,CAROLINA TRUST Federal Credit Union-Content-Existing Business,CAROLINA TRUST Federal Credit Union,SC,cu,12361-cu,12361
Posted,4/21/15,,https://www.carolinatrust.org/financial_education.aspx?a=viewPost&PostID=28100,Hallie Pond,CAROLINA TRUST Federal Credit Union-None-New Business,CAROLINA TRUST Federal Credit Union,SC,cu,12361-cu,12361
Posted,10/6/15,7 Banking Tips for Millennials,http://withwyoming.com/6-tips.html,Hallie Pond,Central Bank and Trust-Content-New Business,Central Bank and Trust,WY,bk,529-bk,529
Posted,4/3/15,,http://www.csfcufinancial.org/#!11-Tips-for-Managing-Your-Credit-Better/c193z/551eb3fa0cf21e26bacf1116,Hallie Pond,Central Sunbelt Federal Credit Union-None-New Business,Central Sunbelt Federal Credit Union,MS,cu,8905-cu,8905
Posted,4/3/15,,http://www.csfcufinancial.org/#!11-Tips-for-Managing-Your-Credit-Better/c193z/551eb3fa0cf21e26bacf1116,Hallie Pond,Central Sunbelt Federal Credit Union-None-Existing Business,Central Sunbelt Federal Credit Union,MS,cu,8905-cu,8905
Posted,11/13/15,*EMV Cards 101,http://centurycu.org/pdf/info.pdf,Hallie Pond,CENTURY Credit Union-Mixed-New Business,CENTURY Credit Union,MO,cu,60435-cu,60435
Posted,10/21/15,Best practices for reducing debt,https://www.waybeyondbanking.com/best-practices-for-reducing-debt/,Hallie Pond,C E S Credit Union-None-New Business,C E S Credit Union,OH,cu,62352-cu,62352
Posted,9/28/15,*Best practices for reducing debt,https://www.waybeyondbanking.com/best-practices-for-reducing-debt/,Hallie Pond,C E S Credit Union-Content-New Business,C E S Credit Union,OH,cu,62352-cu,62352
Posted,10/15/15,Mobile and Online Banking Security,http://www.charlesriverbank.com/business/cash-management/security-center.html,Hallie Pond,Charles River Bank-Content-New Business,Charles River Bank,MA,bk,26602-bk,26602
Posted,6/26/15,Balance Transfers,https://www.chartway.com/about-us/press-room/2015/06/when-buying-a-new-car-should-you-take-the-rebate,Hallie Pond,Chartway Federal Credit Union-Content-New Business,Chartway Federal Credit Union,VA,cu,13242-cu,13242
Posted,4/21/15,,https://choiceone.org/your-syllabus-for-student-loan-repayment/,Hallie Pond,CHOICE ONE COMMUNITY Federal Credit Union-Content-New Business,CHOICE ONE COMMUNITY Federal Credit Union,PA,cu,4240-cu,4240
Posted,1/12/15,,https://choiceone.org/5-ways-to-start-the-new-year-financially-fit/,Hallie Pond,CHOICE ONE COMMUNITY Federal Credit Union-None-New Business,CHOICE ONE COMMUNITY Federal Credit Union,PA,cu,4240-cu,4240
Posted,7/27/15,saving on last minute travel,http://www.cincinnatifederal.com/Money-Saving-Tips.aspx,Hallie Pond,Cincinnati Federal Savings and Loan Association-Mixed-New Business,Cincinnati Federal Savings and Loan Association,OH,bk,28346-bk,28346
Posted,10/7/15,Goals for Saving: Why You Need Certificates,https://www.citadelbanking.com/goals-saving-role-certificates/,Hallie Pond,CITADEL-Content-New Business,CITADEL,PA,cu,2099-cu,2099
Posted,1/15/15,,https://www.memberadviser.com/clarkcountycu/e_article003113310.cfm?x=b11,0,w,Hallie Pond,Clark County Credit Union-None-Existing Business,Clark County Credit Union,Nevada,cu,86752-cu,86752
Posted,4/2/15,,https://www.memberadviser.com/clarkcountycu/e_article003151634.cfm?x=b11,0,w,Hallie Pond,Clark County Credit Union-None-New Business,Clark County Credit Union,Nevada,cu,86752-cu,86752
Posted,4/2/15,Retirement,https://www.memberadviser.com/clarkcountycu/e_article003151634.cfm?x=b11,0,w,Hallie Pond,Clark County Credit Union-Content-Existing Business,Clark County Credit Union,Nevada,cu,86752-cu,86752
Posted,10/22/15,*Home Equity Loans,https://www.communityfirstbank.com/blog,Hallie Pond,Community First Bank-Content-New Business,Community First Bank,AR,bk,34611-bk,34611
Posted,8/17/15,Why we overspend on vacation,http://ig.libertyonline.net/ImageGallery/Custom/cu0192/PDFs/08172015_NerdWalletVacation.pdf,Hallie Pond,COMMUNITY FIRST GUAM Federal Credit Union-Content-New Business,COMMUNITY FIRST GUAM Federal Credit Union,GU,cu,15051-cu,15051
Posted,4/2/15,Student Loans,http://moneybasics411.blogspot.com/,Hallie Pond,COMMUNITY RESOURCE Federal Credit Union-Content-Existing Business,COMMUNITY RESOURCE Federal Credit Union,NY,cu,770-cu,770
Posted,4/2/15,,http://moneybasics411.blogspot.com/,Hallie Pond,COMMUNITY RESOURCE Federal Credit Union-None-New Business,COMMUNITY RESOURCE Federal Credit Union,NY,cu,770-cu,770
Posted,3/23/15,,http://www.conchoeducators.org/AboutUs/Newsletters/2015/2015%20-%201st%20Quarter.pdf,Hallie Pond,CONCHO EDUCATORS Federal Credit Union-None-New Business,CONCHO EDUCATORS Federal Credit Union,TX,cu,4684-cu,4684
Posted,3/23/15,Credit Cards,http://www.conchoeducators.org/AboutUs/Newsletters/2015/2015%20-%201st%20Quarter.pdf,Hallie Pond,CONCHO EDUCATORS Federal Credit Union-Content-Existing Business,CONCHO EDUCATORS Federal Credit Union,TX,cu,4684-cu,4684
Posted,7/2/15,CUs vs Banks,https://www.connectedcreditunion.org/files/banks.pdf,Hallie Pond,Connected Credit Union-Content-New Business,Connected Credit Union,ME,cu,62976-cu,62976
Posted,6/15/15,HELOCs,https://www.bankcfcu.org/understanding-credit/things-to-know-about-a-heloc/,Hallie Pond,CORNERSTONE FINANCIAL Credit Union-Content-New Business,CORNERSTONE FINANCIAL Credit Union,TN,cu,67972-cu,67972
Posted,8/20/15,budgeting on vacation,https://mycucommunity.com/blog/2015/07/01/5-ways-to-keep-vacation-overspending-at-bay,Hallie Pond,CU COMMUNITY Credit Union-Content-Existing Business,CU COMMUNITY Credit Union,MO,cu,63411-cu,63411
Posted,5/8/15,,https://www.dfcu.net/News-and-Announcements/NerdWallet-Home-Equity-Loans-Help-Consumers-Cl-(1).aspx#.VU0fDdNVikr,Hallie Pond,DANNEMORA Federal Credit Union-None-New Business,DANNEMORA Federal Credit Union,NY,cu,12473-cu,12473
Posted,5/8/15,HELOC,https://www.dfcu.net/News-and-Announcements/NerdWallet-Home-Equity-Loans-Help-Consumers-Cl-(1).aspx#.VU0fDdNVikr,Hallie Pond,DANNEMORA Federal Credit Union-Content-Existing Business,DANNEMORA Federal Credit Union,NY,cu,12473-cu,12473
Posted,4/24/15,EMV,https://www.dawsonco-opcu.com/wp-content/uploads/2015/04/EMVChipsExplained4-20151.pdf,Hallie Pond,Dawson Co-Op Credit Union-None-New Business,Dawson Co-Op Credit Union,MN,cu,61624-cu,61624
Posted,4/24/15,,https://www.dawsonco-opcu.com/wp-content/uploads/2015/04/EMVChipsExplained4-20151.pdf,Hallie Pond,Dawson Co-Op Credit Union-None-New Business,Dawson Co-Op Credit Union,MN,cu,61624-cu,61624
Posted,4/27/15,Credit,http://dococu.com/blog/2015/04/27/a-credit-overview/,Hallie Pond,DOCO Credit Union-Content-Existing Business,DOCO Credit Union,GA,cu,68618-cu,68618
Posted,5/7/15,,http://dococu.com/blog/2015/05/07/how-to-build-your-credit/,Hallie Pond,DOCO Credit Union-None-New Business,DOCO Credit Union,GA,cu,68618-cu,68618
Posted,4/2/15,,https://www.dominioncu.org/?page=education_homequity_or_heloc,Hallie Pond,DOMINION Credit Union-None-New Business,DOMINION Credit Union,VA,cu,66973-cu,66973
Posted,4/2/15,HEL vs HELOC,https://www.dominioncu.org/?page=education_homequity_or_heloc,Hallie Pond,DOMINION Credit Union-Content-Existing Business,DOMINION Credit Union,VA,cu,66973-cu,66973
Posted,11/2/15,Online Banking,https://www.eccu.org/community/consumerresources/how-to-make-the-most-of-online-banking,Hallie Pond,EVANGELICAL CHRISTIAN Credit Union-Content-New Business,EVANGELICAL CHRISTIAN Credit Union,CA,cu,63837-cu,63837
Posted,11/3/15,Making the most of E-Banking,https://www.fmbankva.com/blog/detail/making-the-most-of-e-banking,Hallie Pond,Farmers & Merchants Bank (VA)-Content-New Business,Farmers & Merchants Bank (VA),VA,bk,8668-bk,8668
Posted,8/31/15,Improving your Credit,http://www.financialbuilders.org/how-to-improve-your-credit.html,Hallie Pond,FINANCIAL BUILDERS Federal Credit Union-Content-New Business,FINANCIAL BUILDERS Federal Credit Union,IN,cu,16213-cu,16213
Posted,6/17/15,Financial Tips,http://www.firstbt.com/blog/saving-advice-millennials/,Hallie Pond,First Bank & Trust (IL)-Content-New Business,First Bank & Trust (IL),IL,bk,34060-bk,34060
Posted,5/8/15,,http://www.firstcapitalfcu.com/services/financial-education/blog.html,Hallie Pond,FIRST CAPITAL Federal Credit Union-None-New Business,FIRST CAPITAL Federal Credit Union,PA,cu,24490-cu,24490
Posted,2/27/15,,http://www.firstcapitalfcu.com/services/financial-education/blog.html,Hallie Pond,FIRST CAPITAL Federal Credit Union-None-New Business,FIRST CAPITAL Federal Credit Union,PA,cu,24490-cu,24490
Posted,10/22/15,*EMV Cards 101,http://www.firstfarmers.com/about/news-archive/article/2015/10/what-are-emv-cards,Hallie Pond,First Farmers State Bank-Content-New Business,First Farmers State Bank,IL,bk,10879-bk,10879
Posted,11/18/15,*Safe Shopping,http://blog.firstfcu.org/how-to-stay-safe-while-holiday-shopping,Hallie Pond,FIRST FINANCIAL Credit Union-Content-New Business,FIRST FINANCIAL Credit Union,IL,cu,68450-cu,68450
Posted,9/11/15,7 banking tips for millennials,https://www.firstipswich.com/assets/documents/7%20Banking%20Tips%20for%20Millennials.pdf,Hallie Pond,First Ipswich Bank-Content-New Business,First Ipswich Bank,MA,bk,2595-bk,2595
Posted,3/12/15,Mortgages,http://www.1stmarinerbank.com/blog/post/2015/03/12/3-Ways-to-Get-Government-Help-with-Buying-a-New-Home.aspx,Hallie Pond,First Mariner Bank-Content-Existing Business,First Mariner Bank,MD,bk,31286-bk,31286
Posted,5/11/15,,https://www.fnbwaupaca.com/2015/05/putting-graduation-gifts-to-good-use/,Hallie Pond,First National Bank (WI)-Content-New Business,First National Bank (WI),WI,bk,15149-bk,15149
Posted,5/21/15,,https://www.fnbn.com/money-moves-to-make-before-shipping-off-to-college-the-first-national-bank-blog/,Hallie Pond,First National Bank and Trust Company of Newtown-Content-New Business,First National Bank and Trust Company of Newtown,PA,bk,7658-bk,7658
Posted,4/7/15,,https://www.fnbn.com/how-to-pick-and-pay-for-the-best-values-in-home-improvement/,Hallie Pond,First National Bank and Trust Company of Newtown-None-New Business,First National Bank and Trust Company of Newtown,PA,bk,7658-bk,7658
Posted,9/30/15,*EMV Cards 101,http://www.fnbfairfieldiowa.com/files/emv_cards_101.pdf,Hallie Pond,First National Bank in Fairfield-Content-New Business,First National Bank in Fairfield,IA,bk,13853-bk,13853
Posted,10/9/15,*5 steps to cut your data security risks,https://www.fnbpasco.com/2015/10/08/five-steps-to-cut-your-data-security-risks/,Hallie Pond,First National Bank of Pasco-Content-New Business,First National Bank of Pasco,FL,bk,26829-bk,26829
Posted,8/31/15,7 banking tips for millenials,https://www.firstcu.com/identity-theft.htm,Hallie Pond,FIRST SERVICE Federal Credit Union-Content-New Business,FIRST SERVICE Federal Credit Union,OH,cu,11170-cu,11170
Posted,11/5/15,26 Month CD Special,http://www.fsbfinancial.com/news/127-5-benefits-of-cds,Hallie Pond,First State Bank of St. Charles, Missouri-Content-New Business,First State Bank of St. Charles, Missouri,MO,bk,12219-bk,12219
Posted,6/22/15,Home Improvements,http://fivecounty.com/pdfs/home-improvements.pdf,Hallie Pond,FIVE COUNTY Credit Union-Content-New Business,FIVE COUNTY Credit Union,ME,cu,67993-cu,67993
Posted,8/6/15,Credit Building,https://www.fortcommunity.com/about-us/blog/building-and-maintaining-a-strong-credit-score,Hallie Pond,FORT COMMUNITY Credit Union-Content-Existing Business,FORT COMMUNITY Credit Union,WI,cu,67184-cu,67184
Posted,9/10/15,Teen Credit Building,https://www.fortcommunity.com/about-us/blog/7-money-saving-tips-for-teens,Hallie Pond,FORT COMMUNITY Credit Union-Content-New Business,FORT COMMUNITY Credit Union,WI,cu,67184-cu,67184
Posted,8/17/15,Banking locally - take charge,http://www.fortknoxfcu.org/cunews.html,Hallie Pond,FORT KNOX Federal Credit Union-Mixed-New Business,FORT KNOX Federal Credit Union,KY,cu,7000-cu,7000
Posted,8/18/15,Fixer Uppers,https://www.greatbasin.org/6741/home-improvements-home-equity/,Hallie Pond,GREAT BASIN Federal Credit Union-Content-Existing Business,GREAT BASIN Federal Credit Union,NV,cu,7063-cu,7063
Posted,2/5/15,,https://www.greateriefcu.com/about-us/news-and-events/15-02-05/How_to_Select_a_Credit_Card.aspx,Hallie Pond,GREAT ERIE Federal Credit Union-Content-Existing Business,GREAT ERIE Federal Credit Union,NY,cu,7925-cu,7925
Posted,2/5/15,,https://www.greateriefcu.com/about-us/news-and-events/15-02-05/How_to_Select_a_Credit_Card.aspx,Hallie Pond,GREAT ERIE Federal Credit Union-None-New Business,GREAT ERIE Federal Credit Union,NY,cu,7925-cu,7925
Posted,5/18/15,Rent or Buy,https://www.glcu.org/about_us/blog/money_smarts/?news_cat=money_smarts&news_article=renting_vs_buying_a_home,Hallie Pond,GREAT LAKES Credit Union-Content-New Business,GREAT LAKES Credit Union,IL,cu,60238-cu,60238
Posted,4/21/15,,https://www.glcu.org/about_us/blog/money_smarts/?news_cat=money_smarts&news_article=protect_yourself_by_understanding_your_consumer_rights,Hallie Pond,GREAT LAKES Credit Union-None-New Business,GREAT LAKES Credit Union,IL,cu,60238-cu,60238
Posted,11/6/15,CUs vs Banks,https://www.greylock.org/how_credit_unions_compare_with_banks.html,Hallie Pond,GREYLOCK Federal Credit Union-Content-New Business,GREYLOCK Federal Credit Union,MA,cu,24560-cu,24560
Posted,7/23/15,When to get A Bill Consolidation Loan,https://www.hecoefcu.org/when-to-consider-a-bill-consolidation-loan/,Hallie Pond,HAWAIIAN ELECTRIC EMPLOYEES Federal Credit Union-Content-New Business,HAWAIIAN ELECTRIC EMPLOYEES Federal Credit Union,HI,cu,1869-cu,1869
Posted,4/6/15,,https://www.hawaiifcu.org/pdf/NL-apr-jun15.pdf,Hallie Pond,HAWAII Federal Credit Union-None-New Business,HAWAII Federal Credit Union,HI,cu,2403-cu,2403
Posted,4/6/15,,https://www.hawaiifcu.org/pdf/NL-apr-jun15.pdf,Hallie Pond,HAWAII Federal Credit Union-Content-Existing Business,HAWAII Federal Credit Union,HI,cu,2403-cu,2403
Posted,4/14/15,,https://heritage.secure-loancenter.com/PageContent.aspx?PageID=52,Hallie Pond,HERITAGE Credit Union-None-New Business,HERITAGE Credit Union,WI,cu,68385-cu,68385
Posted,6/12/15,Raising Credit Limit,https://www.heritagecu.org//assets/docs/Newsletter.pdf,Hallie Pond,HERITAGE Credit Union-Content-New Business,HERITAGE Credit Union,WI,cu,68385-cu,68385
Posted,5/20/15,Setting Up for Financial Independence,https://www.heritagesouth.org/Articles/bmaking_good_financial_decisions_after_high_schoolb.aspx,Hallie Pond,HERITAGE SOUTH COMMUNITY Credit Union-Content-New Business,HERITAGE SOUTH COMMUNITY Credit Union,TN,cu,67748-cu,67748
Posted,5/25/15,Car Loans,http://blog.heritagevalleyfcu.org/2015/05/how-to-finance-your-new-car/,Hallie Pond,HERITAGE VALLEY Federal Credit Union-Content-New Business,HERITAGE VALLEY Federal Credit Union,PA,cu,303-cu,303
Posted,5/18/15,Financial Independence,https://www.ksucreditunion.com/Latest-News/First-Steps-to-Financial-Independence.aspx,Hallie Pond,KANSAS STATE UNIVERSITY Federal Credit Union-Content-New Business,KANSAS STATE UNIVERSITY Federal Credit Union,KS,cu,5257-cu,5257
Posted,6/1/15,,http://www.lancofcu.com/debt-protection/protecting-against-heavy-damage.html,Hallie Pond,Lanco Federal Credit Union-Content-New Business,Lanco Federal Credit Union,PA,cu,16657-cu,16657
Posted,4/24/15,,https://www.launchatleaders.com/news/blog/view/3/77#.VUOwr9NVikp,Hallie Pond,LEADERS Credit Union-Content-Existing Business,LEADERS Credit Union,TN,cu,61185-cu,61185
Posted,4/24/15,,https://www.launchatleaders.com/news/blog/view/3/77#.VUOwr9NVikp,Hallie Pond,LEADERS Credit Union-None-New Business,LEADERS Credit Union,TN,cu,61185-cu,61185
Posted,1/29/15,ID Theft,http://blog.lonestarcu.org/bid/359838/How-to-Avoid-Identity-Theft-by-Hackers-Dumpster-Divers-and-Snoops,Hallie Pond,LONE STAR Credit Union-Content-Existing Business,LONE STAR Credit Union,TX,cu,68449-cu,68449
Posted,1/29/15,,http://blog.lonestarcu.org/bid/359838/How-to-Avoid-Identity-Theft-by-Hackers-Dumpster-Divers-and-Snoops,Hallie Pond,LONE STAR Credit Union-None-New Business,LONE STAR Credit Union,TX,cu,68449-cu,68449
Posted,2/2/15,Kids and Saving,http://www.lusofederal.com/Newsletters/Newsletter_TWB.pdf,Hallie Pond,LUSO Federal Credit Union-Content-Existing Business,LUSO Federal Credit Union,MA,cu,20600-cu,20600
Posted,2/2/15,,http://www.lusofederal.com/Newsletters/Newsletter_TWB.pdf,Hallie Pond,LUSO Federal Credit Union-None-New Business,LUSO Federal Credit Union,MA,cu,20600-cu,20600
Posted,9/16/15,Savings Accounts for Youngsters,http://www.lusofederal.com/documents/2015/03/soaring-savings-for-wilbraham-middle-school.pdf,Hallie Pond,LUSO Federal Credit Union-Content-New Business,LUSO Federal Credit Union,MA,cu,20600-cu,20600
Posted,9/3/15,Mobile Banking: what you need to know,http://www.malheurfcu.org/pdf/Mobile%20Banking.pdf,Hallie Pond,MALHEUR Federal Credit Union-Content-New Business,MALHEUR Federal Credit Union,OR,cu,11579-cu,11579
Posted,10/9/15,Benefits of Rewards Checking,https://agreatbank.com/give-your-finances-a-boost-with-a-rewards-checking-account/,Hallie Pond,Marlborough Savings Bank-Content-New Business,Marlborough Savings Bank,MA,bk,90235-bk,90235
Posted,11/18/15,*Building Credit,http://mazumafykc.com/5-reasons-to-stop-trying-to-build-credit/,Hallie Pond,Mazuma Credit Union-Content-New Business,Mazuma Credit Union,MO,cu,64084-cu,64084
Posted,9/11/15,How to protect your money and accounts online,https://www.mediapolissavingsbank.net/,Hallie Pond,Mediapolis Savings Bank-Content-New Business,Mediapolis Savings Bank,IA,bk,15772-bk,15772
Posted,10/1/15,Refinancing Your Auto Loan,https://www.memorialcu.org/wp-content/uploads/2015/09/4th-Quarter-Newsletter-WEB.pdf,Hallie Pond,MEMORIAL Credit Union-Content-New Business,MEMORIAL Credit Union,TX,cu,62571-cu,62571
Posted,9/16/15,EMV Cards,http://mercersavings.com/switching-to-emv-chip-cards-for-better-security/,Hallie Pond,Mercer Savings Bank-Content-New Business,Mercer Savings Bank,OH,bk,30084-bk,30084
Posted,6/19/15,,http://metrocommunityfcu.com/page6.html,Hallie Pond,Metro Community Federal Credit Union-Content-New Business,Metro Community Federal Credit Union,WV,cu,8791-cu,8791
Posted,8/31/15,Why you should look to your credit union for an auto loan,https://www.moneyonefcu.org/custom/fi/mofculargomd/fb/disclosure/Why-a-Credit-Union-Car-Loan-Can-Be-a-Great-Deal.pdf,Hallie Pond,Money One Federal Credit Union-Content-New Business,Money One Federal Credit Union,MD,cu,7264-cu,7264
Posted,10/14/15,Why you need an emergency fund,http://mf.lkcsproof.com/about-us/about-us/blog/blog/2015/09/29/emergency-funds-your-safeguard-against-the-unexpected,Hallie Pond,MUTUAL 1st Federal Credit Union-Content-New Business,MUTUAL 1st Federal Credit Union,NE,cu,24540-cu,24540
Posted,9/28/15,*Credit Card Best Practices,https://www.jaclcu.com/visa/,Hallie Pond,NATIONAL J. A. C. L. Credit Union-Content-New Business,NATIONAL J. A. C. L. Credit Union,UT,cu,67005-cu,67005
Posted,8/17/15,When to Consolidate Your Student Loans,https://www.nyufcu.com/about_us/news/?when_to_consolidate_your_student_loans&show=news&newsID=20585,Hallie Pond,New York University Federal Credit Union-Content-New Business,New York University Federal Credit Union,NY,cu,23958-cu,23958
Posted,8/7/15,The different types of mortgages,http://ohiocatholicfcu.com/what-to-know-when-financing-your-first-home/,Hallie Pond,OHIO CATHOLIC Federal Credit Union-Content-New Business,OHIO CATHOLIC Federal Credit Union,OH,cu,9208-cu,9208
Posted,5/22/15,Summer Savings,http://www.webcuohio.com/ohiohealthcare/financial_tips.htm,Hallie Pond,OHIO HEALTHCARE Federal Credit Union-Content-New Business,OHIO HEALTHCARE Federal Credit Union,OH,cu,24725-cu,24725
Posted,3/2/15,,http://oecu.com/services/member-education/safetynet/,Hallie Pond,OKLAHOMA EDUCATORS Credit Union-None-New Business,OKLAHOMA EDUCATORS Credit Union,OK,cu,61088-cu,61088
Posted,3/2/15,Savings Tips,http://oecu.com/services/member-education/safetynet/,Hallie Pond,OKLAHOMA EDUCATORS Credit Union-Content-Existing Business,OKLAHOMA EDUCATORS Credit Union,OK,cu,61088-cu,61088
Posted,1/27/15,,http://www.olycu.org/documents/January2015.pdf,Hallie Pond,OLYMPIA Credit Union-None-New Business,OLYMPIA Credit Union,WA,cu,68331-cu,68331
Posted,1/9/15,Credit-building Tips,http://www.olycu.org/documents/January2015.pdf,Hallie Pond,OLYMPIA Credit Union-Content-Existing Business,OLYMPIA Credit Union,WA,cu,68331-cu,68331
Posted,10/27/15,7 Things to Know When Looking to Buy Your First Home,https://www.parkcitycu.org/about-us/news/blog/7-things-to-know-when-looking-to-buy-your-first-home,Hallie Pond,PARK CITY Credit Union-None-New Business,PARK CITY Credit Union,WI,cu,67196-cu,67196
Posted,4/27/15,First Car,http://peachstatefcublog.org/your-first-car/,Hallie Pond,Peach State Federal Credit Union-Content-New Business,Peach State Federal Credit Union,GA,cu,14676-cu,14676
Posted,8/19/15,Fin Lit for Kids,https://www.pinalcountyfcu.com/files/pinalco/1/file/Newsletters/3Q15%20Newsletter%20July-%20Financial%20Lit%20article.pdf,Hallie Pond,PINAL COUNTY Federal Credit Union-Content-Existing Business,PINAL COUNTY Federal Credit Union,AZ,cu,9099-cu,9099
Posted,10/16/15,*5 steps to cut your data security risks,https://www.primetrustcu.com/home,Hallie Pond,PRIMETRUST Federal Credit Union-Content-New Business,PRIMETRUST Federal Credit Union,IN,cu,489-cu,489
Posted,6/8/15,Saving on Your Vacation,http://p1bank.blogspot.com/2015/06/how-to-save-on-vacation-this-summer.html,Hallie Pond,PriorityOne Bank-Content-New Business,PriorityOne Bank,MS,bk,21906-bk,21906
Posted,4/29/15,,http://blog.raccoonvalleybank.com/2015/04/29/choosing-the-right-savings-account/,Hallie Pond,Raccoon Valley Bank-None-New Business,Raccoon Valley Bank,IA,bk,245-bk,245
Posted,4/29/15,Choosing a Savings Account,http://blog.raccoonvalleybank.com/2015/04/29/choosing-the-right-savings-account/,Hallie Pond,Raccoon Valley Bank-Content-Existing Business,Raccoon Valley Bank,IA,bk,245-bk,245
Posted,5/18/15,EMV,https://www.redcrown.org/upload/file/2015-04%20Newsletter%202.pdf,Hallie Pond,RED CROWN Federal Credit Union-Content-New Business,RED CROWN Federal Credit Union,OK,cu,2585-cu,2585
Posted,11/10/15,Checking Costs,http://info.republicbank.com/blog/how-much-does-your-checking-account-really-cost,Hallie Pond,Republic Bank & Trust Company-Content-New Business,Republic Bank & Trust Company,KY,bk,23627-bk,23627
Posted,9/1/15,The benefits of having a good credit card,https://www.rivermarkcu.org/blog/2015/august/24/having-a-good-credit-card-can-save-you-money,Hallie Pond,RIVERMARK COMMUNITY Credit Union-Mixed-New Business,RIVERMARK COMMUNITY Credit Union,OR,cu,65644-cu,65644
Posted,4/1/15,,https://www.rtpfcu.org/home/fiFiles/static/documents/The_Scope_Spring_2015.pdf,Hallie Pond,R T P Federal Credit Union-None-New Business,R T P Federal Credit Union,NC,cu,18550-cu,18550
Posted,4/1/15,Credit,https://www.rtpfcu.org/home/fiFiles/static/documents/The_Scope_Spring_2015.pdf,Hallie Pond,R T P Federal Credit Union-Content-New Business,R T P Federal Credit Union,NC,cu,18550-cu,18550
Posted,9/11/15,The many ways your credit card number gets stolen,https://www.rutgersfcu.org/news/latest.aspx?a=read&news_id=226,Hallie Pond,RUTGERS Federal Credit Union-Content-New Business,RUTGERS Federal Credit Union,NJ,cu,9237-cu,9237
Posted,8/28/15,Financial Preparedness for Hurricane Season,http://section705fcu.blogspot.com/2015/08/5-ways-to-prepare-financially-for.html,Hallie Pond,SECTION 705 Federal Credit Union-Content-New Business,SECTION 705 Federal Credit Union,LA,cu,18749-cu,18749
Posted,1/20/15,,http://www.southeasternfcu.org/financial-college-prep.php,Hallie Pond,SOUTHEASTERN Federal Credit Union-Content-Existing Business,SOUTHEASTERN Federal Credit Union,GA,cu,8947-cu,8947
Posted,1/20/15,,http://www.southeasternfcu.org/financial-college-prep.php,Hallie Pond,SOUTHEASTERN Federal Credit Union-None-New Business,SOUTHEASTERN Federal Credit Union,GA,cu,8947-cu,8947
Posted,11/2/15,7 money-saving tips for teens,http://southlandfcu.com/PDFs/2015/Six_Money_Saving_Tips_for_Teens.pdf,Hallie Pond,SOUTHLAND Federal Credit Union-Content-New Business,SOUTHLAND Federal Credit Union,TX,cu,15815-cu,15815
Posted,7/31/15,Hurricane Preparedness,https://www.tampabayfederal.com/index.php/tips-to-financially-prepare-for-hurricanes.html,Hallie Pond,TAMPA BAY Federal Credit Union-Mixed-New Business,TAMPA BAY Federal Credit Union,FL,cu,352-cu,352
Posted,4/21/15,,http://www.txbank.com/Savingtips.pdf,Hallie Pond,Texas State Bank-None-New Business,Texas State Bank,TX,bk,18698-bk,18698
Posted,4/21/15,Savings Tips,http://www.txbank.com/Savingtips.pdf,Hallie Pond,Texas State Bank-None-Existing Business,Texas State Bank,TX,bk,18698-bk,18698
Posted,6/15/15,,http://www.firstnationalbanks.biz/saving-for-retirement.html,Hallie Pond,The First National Bank of Berlin-None-Existing Business,The First National Bank of Berlin,WI,bk,5286-bk,5286
Posted,10/5/15,*5 Benefits of Using the CardValet App,http://www.fsb-wv.com/art/cv1.html,Hallie Pond,The First State Bank (WV)-Content-New Business,The First State Bank (WV),WV,bk,14361-bk,14361
Posted,9/1/15,Payday Loans,https://www.thinkwisecu.org/wp-content/uploads/2015/08/How-Payday-Loans-Can-Become-a-Debt-Trap-NerdWallet.pdf,Hallie Pond,Thinkwise Credit Union-Content-Existing Business,Thinkwise Credit Union,CA,cu,7770-cu,7770
Posted,1/5/15,,http://tucoemas.org/Libraries/Newsletters/2015_First_Quarter_NL.sflb.ashx,Hallie Pond,TUCOEMAS Federal Credit Union-None-Existing Business,TUCOEMAS Federal Credit Union,CA,cu,5718-cu,5718
Posted,8/26/15,Do you really need a budget? YES. or The Benefits of Having a Budget.,https://www.umassfive.coop/blog/posts/college-students-you-need-a-budget-and-here-s-why,Hallie Pond,UMASSFIVE COLLEGE Federal Credit Union-Content-New Business,UMASSFIVE COLLEGE Federal Credit Union,MA,cu,18181-cu,18181
Posted,6/12/15,Home Equity Financing,http://www.univestdirect.com/univest-blog/2015/put-your-home%E2%80%99s-equity-to-work.aspx#.VYBfalxViko,Hallie Pond,Univest Bank and Trust Co.-Content-Existing Business,Univest Bank and Trust Co.,PA,bk,7759-bk,7759
Posted,8/12/15,7 Banking Tips For Millennials,https://www.valleycommunities.org/News-and-Announcements/7-Smart-Banking-Tips-for-Millennials.aspx,Hallie Pond,VALLEY COMMUNITIES Credit Union-Content-New Business,VALLEY COMMUNITIES Credit Union,WI,cu,66430-cu,66430
Posted,10/20/15,History of Valley CU and Mission Statement about Serving Needs of Consumers,https://www.valleycu.org/About-Us/Valley-News/NerdWallet-Spotlight-Valley-CU.aspx,Hallie Pond,VALLEY Credit Union-Content-New Business,VALLEY Credit Union,OR,cu,64169-cu,64169
Posted,10/22/15,Benefits of opening deposit accounts with Vista Bank,https://www.vistabank.com/index.php/comparechecking/,Hallie Pond,Vista Bank-Content-New Business,Vista Bank,TX,bk,1210-bk,1210
Posted,10/7/15,"5 Ways To Teach Kids How To Save",https://www.walcottbank.com/,Hallie Pond,Walcott Trust and Savings Bank-Content-New Business,Walcott Trust and Savings Bank,IA,bk,12716-bk,12716
Posted,9/30/15,Back to School - Student Loans,https://www.washingtonfederal.com/washline/news-and-articles/2015/09/30/useful-bank-services-for-college-students,Hallie Pond,Washington Federal-Content-Existing Business,Washington Federal,WA,bk,28088-bk,28088
Posted,11/3/15,*How to protect your credit and personal information during the holiday shopping season,http://www.waterfordbankna.com/protect-your-credit-and-personal-information-during-the-holidays/,Hallie Pond,Waterford Bank, N.A.-Content-New Business,Waterford Bank, N.A.,OH,bk,58433-bk,58433
Posted,6/17/15,Vacation Savings,http://www.wellsfederalbank.com/index.php?option=com_content&view=article&id=87:5-ways-to-save-for-your-vacation-now&catid=11:resources&Itemid=101,Hallie Pond,Wells Federal Bank-Content-New Business,Wells Federal Bank,MN,bk,29141-bk,29141
Posted,6/8/15,Fin LIt for Kids,https://www.wsfcu.org/?action=preview&page=news_financial_independence_kids&version=default#content,Hallie Pond,WHITE SANDS Federal Credit Union-Content-New Business,WHITE SANDS Federal Credit Union,NM,cu,7960-cu,7960
Posted,11/9/15,*5 Budgeting Tips for Winter Gift Purchases,https://www.wsfcu.org/?page=news_winter_budgeting_tips,Hallie Pond,Repost,WHITE SANDS Federal Credit Union,NM,cu,7960-cu,7960
Posted,11/6/15,*How to Boost Your Credit Before Seeing a Home Loan,https://www.wingsfinancial.com/wings-blogs/money-matters/november-2015/how-to-boost-your-credit-before-seeking-a-home-loa,Hallie Pond,WINGS FINANCIAL Credit Union-Content-New Business,WINGS FINANCIAL Credit Union,MN,cu,68601-cu,68601
Posted,10/29/15,*Credit card transfer balances,https://www.xfcu.org/education/financial-education/articles/,Hallie Pond,XCEED FINANCIAL Federal Credit Union-Content-New Business,XCEED FINANCIAL Federal Credit Union,CA,cu,20068-cu,20068
Posted,3/6/15,,https://aplusfcu.org/articles/spring-cleaning-tips-for-your-finances,Renee Siu,A+ Federal Credit Union-None-Existing Business,A+ Federal Credit Union,TX,cu,6178-cu,6178
Posted,6/26/15,Travel scams,http://blog.abricu.com/avoid-common-travel-scams-abroad/,Renee Siu,Abri Credit Union-Content-Existing Business,Abri Credit Union,,cu,97086-cu,97086
Posted,10/23/15,Car buying,http://www.alatrustcu.com/Blog/Consumer/October-2015/How-to-Take-Stress-Out-of-Car-Buying#.ViprFZNViko,Renee Siu,ALATRUST Credit Union-Content-New Business,ALATRUST Credit Union,AL,cu,60934-cu,60934
Posted,11/18/15,When should you take a loan vs. using your credit card for the holidays,https://alliancecu.com/holiday-shopping-when-to-use-a-credit-card-when-to-take-out-a-loan/,Renee Siu,Repost,ALLIANCE Credit Union,MO,cu,63789-cu,63789
Posted,2/17/15,Save Now to Avoid a Pinch,https://alliancecu.com/save-now-avoid-coming-empty-pinch/,Renee Siu,ALLIANCE Credit Union-Content-New Business,ALLIANCE Credit Union,MO,cu,63789-cu,63789
Posted,3/24/15,Rainy Day Fund,ttps://alliancecu.com/why-you-need-a-rainy-day-fund/,Renee Siu,ALLIANCE Credit Union-Content-Existing Business,ALLIANCE Credit Union,MO,cu,63789-cu,63789
Posted,4/22/15,Sticking to a Savings Plan,https://alliancecu.com/sticking-to-a-savings-plan/,Renee Siu,ALLIANCE Credit Union-Content-Existing Business,ALLIANCE Credit Union,MO,cu,63789-cu,63789
Posted,3/24/15,,http://www.alliantcreditunion.org/blog/entry/2015/03/understanding-aprs-when-shopping-for-a-loan,Renee Siu,ALLIANT Credit Union-None-Existing Business,ALLIANT Credit Union,IL,cu,67955-cu,67955
Posted,5/11/15,Plan for Summer Vacations,http://altaonethejournal.blogspot.com/2015/05/may-112015-plan-now-for-your-summer.html,Renee Siu,ALTAONE Federal Credit Union-Content-New Business,ALTAONE Federal Credit Union,CA,cu,5612-cu,5612
Posted,4/1/15,Hidden Tax Breaks,http://altaonethejournal.blogspot.com/2015/03/hidden-tax-breaks.html,Renee Siu,ALTAONE Federal Credit Union-Content-Existing Business,ALTAONE Federal Credit Union,CA,cu,5612-cu,5612
Posted,6/1/15,Home improvements,http://altaonethejournal.blogspot.com/2015/03/plan-and-finance-your-home-improvement.html,Renee Siu,ALTAONE Federal Credit Union-Content-Existing Business,ALTAONE Federal Credit Union,CA,cu,5612-cu,5612
Posted,7/15/15,All About HELOCs,http://altaonethejournal.blogspot.com/2015/07/helpful-heloc-facts.html,Renee Siu,ALTAONE Federal Credit Union-Content-Existing Business,ALTAONE Federal Credit Union,CA,cu,5612-cu,5612
Posted,7/9/15,Data Security,http://www.aspirefcu.org/blog/security/5-steps-cut-data-security-risks/,Renee Siu,ASPIRE Federal Credit Union-None-Existing Business,ASPIRE Federal Credit Union,NJ,cu,5800-cu,5800
Posted,4/28/15,HELOCs,http://www.aspirefcu.org/blog/home-ownership/uses-of-helocs/,Renee Siu,ASPIRE Federal Credit Union-Content-New Business,ASPIRE Federal Credit Union,NJ,cu,5800-cu,5800
Posted,9/24/15,When is a personal loan better than a credit card,http://www.auburnfcu.com/updateNOW/news/default.asp?newsId=257&action=read,Renee Siu,AUBURN COMMUNITY Federal Credit Union-Content-New Business,AUBURN COMMUNITY Federal Credit Union,NY,cu,988-cu,988
Posted,10/2/15,Free Checking,http://www.youramfcu.org/Uploads/files/Newsletter/1%20-%20MM/AMFCU-NewsFALL2015FINAL-with%20NW%20link-ver2.pdf,Renee Siu,AUGUSTA METRO Federal Credit Union-Content-Existing Business,AUGUSTA METRO Federal Credit Union,GA,cu,14228-cu,14228
Posted,8/27/15,Figuring Hm Price Range,https://www.asfcu.com/Borrowing/Managing-Credit.aspx,Renee Siu,AURORA SCHOOLS Federal Credit Union-Content-Existing Business,AURORA SCHOOLS Federal Credit Union,CO,cu,14369-cu,14369
Posted,9/1/15,Why estatements are the best option for rural residents,http://app.subscribermail.com/dspcd.cfm?ec=2536c16227b4494a9d65eb6f30de375e&email=0,Renee Siu,Belgrade State Bank-Content-New Business,Belgrade State Bank,MO,bk,12208-bk,12208
Posted,7/14/15,Why We Overspend on Vacation,http://www.bccu.org/blog?blog_id=185,Renee Siu,Bellwether Community Credit Union-Content-New Business,Bellwether Community Credit Union,NH,cu,60747-cu,60747
Posted,7/7/15,The Benefits and Necessities of an Emergency Fund,https://www.bippusbank.com/about/news/the-buzz-2015-3rd-quarter/,Renee Siu,Bippus State Bank-Content-Existing Business,Bippus State Bank,IN,bk,1847-bk,1847
Posted,8/31/15,Checking Account Basics,http://www.mybrb.com/advice-tools/education/education-banking-basics.html,Renee Siu,Blue Ridge Bank-Content-Existing Business,Blue Ridge Bank,VA,bk,6872-bk,6872
Posted,4/9/15,,http://news.becu.org/index.php/tax-tips-for-last-minute-filers/#.VWPB8FnBzGc,Renee Siu,Boeing Employees Credit Union-Content-New Business,Boeing Employees Credit Union,WA,cu,62604-cu,62604
Posted,3/4/15,,http://news.becu.org/index.php/paying-off-loans-early-helpful-or-hurtful/#.VRnmm5PF-98,Renee Siu,Boeing Employees Credit Union-None-New Business,Boeing Employees Credit Union,WA,cu,62604-cu,62604
Posted,3/30/15,Mortgages,https://brightstarcu.wordpress.com/2015/03/30/fha-or-conventional-mortgage-which-is-better-for-you/,Renee Siu,BRIGHTSTAR Credit Union-Content-Existing Business,BRIGHTSTAR Credit Union,FL,cu,67347-cu,67347
Posted,2/23/15,,http://blog.caminofcu.org/financial-tips/tips-for-first-time-car-buyers/,Renee Siu,CAMINO Federal Credit Union-None-New Business,CAMINO Federal Credit Union,CA,cu,4633-cu,4633
Posted,2/23/15,Car buying,http://blog.caminofcu.org/financial-tips/tips-for-first-time-car-buyers/,Renee Siu,CAMINO Federal Credit Union-Content-Existing Business,CAMINO Federal Credit Union,CA,cu,4633-cu,4633
Posted,6/15/15,Free Credit Scores,http://blog.caminofcu.org/financial-tips/how-to-take-advantage-of-free-credit-reports/,Renee Siu,CAMINO Federal Credit Union-Content-Existing Business,CAMINO Federal Credit Union,CA,cu,4633-cu,4633
Posted,7/23/15,Refinancing your auto loan,http://www.campbellcu.org/wp-content/uploads/2015/07/Refinancing-Your-Auto-Loan.pdf,Renee Siu,CAMPBELL EMPLOYEES Federal Credit Union-Content-New Business,CAMPBELL EMPLOYEES Federal Credit Union,NJ,cu,2141-cu,2141
Posted,10/9/15,How Mobile Check Deposits Work,https://www.cayugalakenationalbank.com/files/MobileCheckDepositsNW.pdf,Renee Siu,Cayuga Lake National Bank-Content-New Business,Cayuga Lake National Bank,NY,bk,6954-bk,6954
Posted,7/2/15,Details: An outline of the tax breaks and deductions that homeowners qualify for.,https://www.centra.org/2015/07/mortgage-matters-tax-benefits-of-owning-a-home/,Renee Siu,CENTRA Credit Union-Content-New Business,CENTRA Credit Union,IN,cu,68287-cu,68287
Posted,7/10/15,Post-Grad Financial Life,https://www.cmccu.com/files/cmccu15/1/file/PDFs/Post-GradFinancialLife_REVISED.pdf,Renee Siu,Central Macomb Community Credit Union-Content-New Business,Central Macomb Community Credit Union,MI,cu,60406-cu,60406
Posted,7/1/15,Financial Planning,https://www.mycccu.com/blog/getting-set-to-handle-post-graduation-finances,Renee Siu,Christian Community Credit Union-Mixed-New Business,Christian Community Credit Union,,cu,97068-cu,97068
Posted,11/12/15,How to Protect your Elderly Loved Ones,https://csb02-staging.herokuapp.com/newsletters/protecting-seniors-from-fraud-and-abuse,Renee Siu,Citizens State Bank of La Crosse-Content-New Business,Citizens State Bank of La Crosse,WI,bk,1513-bk,1513
Posted,4/15/15,,http://beacon.coastal24.com/index.php/articles/auto/289-smart-ways-to-handle-a-tax-refund,Renee Siu,COASTAL Federal Credit Union-None-New Business,COASTAL Federal Credit Union,NC,cu,18297-cu,18297
Posted,5/19/15,HSAs,http://beacon.coastal24.com/index.php/articles/auto/293,Renee Siu,COASTAL Federal Credit Union-Content-New Business,COASTAL Federal Credit Union,NC,cu,18297-cu,18297
Posted,1/21/15,Homebuyer Tips,http://c1styourvoiceblog.com/2015/01/21/first-time-homebuyer-tips/,Renee Siu,COMMUNITY 1ST Credit Union-Content-Existing Business,COMMUNITY 1ST Credit Union,IA,cu,68510-cu,68510
Posted,1/21/15,,http://c1styourvoiceblog.com/2015/01/21/first-time-homebuyer-tips/,Renee Siu,COMMUNITY 1ST Credit Union-None-New Business,COMMUNITY 1ST Credit Union,IA,cu,68510-cu,68510
Posted,8/10/15,Home Improvements & Technology Gaps,http://blog.communitychoicecu.com/minor-home-improvements-offer-the-best-financial-return,Renee Siu,Community Choice Credit Union-Content-New Business,Community Choice Credit Union,MI,cu,64880-cu,64880
Posted,4/14/15,,http://blog.communitychoicecu.com/how-credit-unions-differ-from-banks,Renee Siu,Community Choice Credit Union-None-New Business,Community Choice Credit Union,MI,cu,64880-cu,64880
Posted,4/14/15,CUs vs Banks,http://blog.communitychoicecu.com/how-credit-unions-differ-from-banks,Renee Siu,Community Choice Credit Union-Content-Existing Business,Community Choice Credit Union,MI,cu,64880-cu,64880
Posted,2/5/15,5 Ways to Refresh Your Finances,http://blog.communitychoicecu.com/five-ways-to-refresh-your-finances-in-2015,Renee Siu,Community Choice Credit Union-Content-Existing Business,Community Choice Credit Union,MI,cu,64880-cu,64880
Posted,2/22/15,Car Buying Made Easy,http://blog.communitychoicecu.com/car-buying-made-easy,Renee Siu,Community Choice Credit Union-Content-Existing Business,Community Choice Credit Union,MI,cu,64880-cu,64880
Posted,6/16/15,Jumpstart Your Savings,http://blog.myconsumers.org/jump-starting-savings-for-women/,Renee Siu,CONSUMERS COOPERATIVE Credit Union-Content-New Business,CONSUMERS COOPERATIVE Credit Union,IL,cu,68588-cu,68588
Posted,8/11/15,Vacation on Shoestring Budget,http://www.coopfcu.org/custom/fi/cooperativecenter/fb/disclosure/2ndQuarterNewsletterwebview.compressed.pdf,Renee Siu,COOPERATIVE CENTER Federal Credit Union-Content-Existing Business,COOPERATIVE CENTER Federal Credit Union,CA,cu,4900-cu,4900
Posted,7/3/15,Buying vs. Leasing Automobile,http://ig.libertyonline.net/ImageGallery/Custom/cu0040/PDFs/July2015Newsletter.pdf,Renee Siu,CORNERSTONE Federal Credit Union-Content-New Business,CORNERSTONE Federal Credit Union,PA,cu,21789-cu,21789
Posted,4/2/15,Tax Mistakes & Eat Healthy on Budget,https://www.bankmobile.com/5-ways-eat-healthier-budget/,Renee Siu,Customers Bank / BankMobile-None-New Business,Customers Bank / BankMobile,PA,bk,34444-bk,34444
Posted,7/28/15,Cost of Parenthood,https://www.bankmobile.com/bundles-of-joy-cost-baskets-of-cash/,Renee Siu,Customers Bank / BankMobile-Content-Existing Business,Customers Bank / BankMobile,PA,bk,34444-bk,34444
Posted,10/19/15,How Much Should You Be Saving at 20/30/40/50,https://www.bankmobile.com/how-much-should-you-be-saving-at-age-20-30-40-50/,Renee Siu,Customers Bank / BankMobile-None-Existing Business,Customers Bank / BankMobile,PA,bk,34444-bk,34444
Posted,6/17/15,Switching Banks,https://www.bankmobile.com/how-to-shop-for-a-new-bank/,Renee Siu,Customers Bank / BankMobile-Content-New Business,Customers Bank / BankMobile,PA,bk,34444-bk,34444
Posted,4/3/15,,https://denvercommunity.coop/how-a-HELOC-Can-Finance-spring-dreams,Renee Siu,DENVER COMMUNITY Credit Union-None-New Business,DENVER COMMUNITY Credit Union,CO,cu,68616-cu,68616
Posted,4/3/15,HELOCs,https://denvercommunity.coop/how-a-HELOC-Can-Finance-spring-dreams,Renee Siu,DENVER COMMUNITY Credit Union-Content-Existing Business,DENVER COMMUNITY Credit Union,CO,cu,68616-cu,68616
Posted,6/19/15,MobileWallets,https://denvercommunity.coop/clear-money/online-resources/personal-finance-articles/mobile-digital-wallets-can-replace-credit-cards-boost-security.html,Renee Siu,DENVER COMMUNITY Credit Union-Content-New Business,DENVER COMMUNITY Credit Union,CO,cu,68616-cu,68616
Posted,6/26/15,Ways to Save on Vacation,http://web.elements.org/blog/cut-vacation-costs-by-daring-to-be-different,Renee Siu,Elements Financial-Mixed-New Business,Elements Financial,IN,cu,22468-cu,22468
Posted,10/9/15,Benefits of an automated savings plan,http://emoryacu.com/files/newsletters/Newsletter.Fall.2015.pdf,Renee Siu,EMORY ALLIANCE Credit Union-Content-New Business,EMORY ALLIANCE Credit Union,GA,cu,68573-cu,68573
Posted,7/15/15,Traveling Internationally,https://www.fafcu.org/summer-2015/safe-traveling,Renee Siu,F&A Federal Credit Union-Content-Existing Business,F&A Federal Credit Union,CA,cu,1493-cu,1493
Posted,11/18/15,Online Security (Cyber Security),https://www.bankwithfm.com/blog/,Renee Siu,Farmers & Merchants Bank (OH)-Content-New Business,Farmers & Merchants Bank (OH),OH,bk,9462-bk,9462
Posted,9/9/15,3 things to consider when choosing life insurance,https://www.myfsbonline.com/fsb-blog.aspx,Renee Siu,Farmers State Bank-Content-Existing Business,Farmers State Bank,IA,bk,12855-bk,12855
Posted,8/4/15,Saving for College,https://www.myfsbonline.com/fsb-blog.aspx,Renee Siu,Farmers State Bank-Content-New Business,Farmers State Bank,IA,bk,12855-bk,12855
Posted,5/12/15,Pros of Credit Unions,https://flfcu.wordpress.com/2015/05/12/3-reasons-to-choose-a-credit-union/,Renee Siu,FINGER LAKES Federal Credit Union-Content-New Business,FINGER LAKES Federal Credit Union,NY,cu,18022-cu,18022
Posted,7/8/15,Understand Credit & Budget Mgt,https://www.firstalliancecu.com/learn/understanding-credit.php,Renee Siu,FIRST ALLIANCE Credit Union-Content-Existing Business,FIRST ALLIANCE Credit Union,MN,cu,62872-cu,62872
Posted,4/10/15,Tax Refunds,https://www.firstalliancecu.com/learn/TaxRefunds.pdf,Renee Siu,FIRST ALLIANCE Credit Union-Content-New Business,FIRST ALLIANCE Credit Union,MN,cu,62872-cu,62872
Posted,4/15/15,1st Time Buyers,https://www.firstalliancecu.com/learn/1stTimeBuyers.pdf,Renee Siu,FIRST ALLIANCE Credit Union-Content-Existing Business,FIRST ALLIANCE Credit Union,MN,cu,62872-cu,62872
Posted,4/10/15,Tax Refunds,https://www.firstalliancecu.com/learn/TaxRefunds.pdf,Renee Siu,FIRST ALLIANCE Credit Union-Content-Existing Business,FIRST ALLIANCE Credit Union,MN,cu,62872-cu,62872
Posted,7/1/15,Benefits of EMV Cards,http://efirstbankblog.com/blog/firstbank/2015/07/01/how-emv-cards-offer-smarter-security/,Renee Siu,FirstBank-Content-New Business,FirstBank,CO,bk,18714-bk,18714
Posted,6/24/15,Mortgage focus (buy/sell market where demand is high and homes are selling fast. Relevant to the Sioux Falls market) & Business Insurance,https://www.bankeasy.com/news/handling-a-heated-real-estate-market/ and https://www.bankeasy.com/news/choosing-the-right-insurance-to-protect-your-business/,Renee Siu,First Bank & Trust (SD)-Content-New Business,First Bank & Trust (SD),SD,bk,3973-bk,3973
Posted,4/30/15,,https://www.firstcentralsb.com/resources/blog/entry/the-big-impact-of-community-banks,Renee Siu,First Central State Bank-Content-New Business,First Central State Bank,IA,bk,19716-bk,19716
Posted,7/29/15,The Impact of Community Banks on a Local Economy,https://www.bankadviser.com/firstfederalbank/e_article003209251.cfm?x=bpqsVjc,Renee Siu,First Federal Savings Bank of Twin Falls-Content-New Business,First Federal Savings Bank of Twin Falls,ID,bk,28845-bk,28845
Posted,7/9/15,Lending Rates,https://www.firstib.com/factors-that-influence-loan-interest-rates/,Renee Siu,First Internet Bank of Indiana-Content-Existing Business,First Internet Bank of Indiana,IN,bk,34607-bk,34607
Posted,4/29/15,5 Money Moves Before Vacation,http://www.fitzsimonscu.com/ContactUs/Blog/TabId/168/PostId/9/5-money-moves-to-make-before-going-on-vacation.aspx,Renee Siu,FITZSIMONS Federal Credit Union-Content-Existing Business,FITZSIMONS Federal Credit Union,CO,cu,10572-cu,10572
Posted,6/8/15,Mortgage Down Payment,http://www.fitzsimonscu.com/ContactUs/Blog/TabId/168/PostId/10/determining-your-mortgage-down-payment.aspx,Renee Siu,FITZSIMONS Federal Credit Union-Content-New Business,FITZSIMONS Federal Credit Union,CO,cu,10572-cu,10572
Posted,2/20/15,4 Ways to Protect Your Identity,http://www.fitzsimonscu.com/ContactUs/Blog/TabId/168/PostId/8/4-ways-to-protect-your-identity.aspx,Renee Siu,FITZSIMONS Federal Credit Union-None-New Business,FITZSIMONS Federal Credit Union,CO,cu,10572-cu,10572
Posted,2/23/15,Tax Refund,http://www.fvsbank.com/fivewaystostretchataxrefund.html,Renee Siu,Fox Valley Savings Bank-None-New Business,Fox Valley Savings Bank,WI,bk,29188-bk,29188
Posted,2/20/15,Financing Remodeling With Home Equity Can Cut Costs,http://www.fvsbank.com/financingremodelingwithhomeequitycancutcosts.html,Renee Siu,Fox Valley Savings Bank-None-Existing Business,Fox Valley Savings Bank,WI,bk,29188-bk,29188
Posted,8/10/15,How to Protect Yourself Financially During a Divorce,http://www.frankenmuthcu.org/fcu-blog?blog_id=7,Renee Siu,FRANKENMUTH Credit Union-Mixed-New Business,FRANKENMUTH Credit Union,MI,cu,61755-cu,61755
Posted,7/23/15,Fin & Physical Fitness,http://www.f-sfcu.com/fsfcu-newsletter.pdf,Renee Siu,FRANKLIN-SOMERSET Federal Credit Union-Content-Existing Business,FRANKLIN-SOMERSET Federal Credit Union,ME,cu,15159-cu,15159
Posted,5/28/15,Why Bank Local?,https://www.gatewaysb.com/resources/blog/entry/the-big-impact-of-community-banks,Renee Siu,Gateway State Bank-Content-New Business,Gateway State Bank,IA,bk,9293-bk,9293
Posted,5/20/15,,https://www.mygenfcu.org/blog/personal/keeping-your-kids-busy-this-summer-without-draining-your-checking-account/,Renee Siu,GENERATIONS COMMUNITY Federal Credit Union-Content-New Business,GENERATIONS COMMUNITY Federal Credit Union,TX,cu,4015-cu,4015
Posted,5/12/15,,https://www.mygenfcu.org/blog/student-2/money-moves-to-make-after-graduation/,Renee Siu,GENERATIONS COMMUNITY Federal Credit Union-None-New Business,GENERATIONS COMMUNITY Federal Credit Union,TX,cu,4015-cu,4015
Posted,6/26/15,Empty Nesters,https://www.mygenfcu.org/blog/personal/remodeling-that-can-pay-off-for-new-empty-nesters/,Renee Siu,GENERATIONS COMMUNITY Federal Credit Union-None-Existing Business,GENERATIONS COMMUNITY Federal Credit Union,TX,cu,4015-cu,4015
Posted,7/1/15,What's Next for Grads,https://www.mygenfcu.org/blog/student-2/whats-next-for-college-grads/,Renee Siu,GENERATIONS COMMUNITY Federal Credit Union-None-Existing Business,GENERATIONS COMMUNITY Federal Credit Union,TX,cu,4015-cu,4015
Posted,8/27/15,Vacation,http://www.guadalupecu.org/free-financial-coaching/,Renee Siu,GUADALUPE Credit Union-Content-Existing Business,GUADALUPE Credit Union,NM,cu,66149-cu,66149
Posted,10/6/15,*How to protect your identity during holiday shopping,http://www.guadalupecu.org/wp-content/uploads/2011/09/GCU-Newsletter-2015-Q3-EN.pdf,Renee Siu,GUADALUPE Credit Union-Content-Existing Business,GUADALUPE Credit Union,NM,cu,66149-cu,66149
Posted,8/28/15,A Guide to our First Time Auto Loans,http://www.gulfcoastcommunityfcu.com/first-time-auto-loan-guide.html,Renee Siu,GULF COAST COMMUNITY Federal Credit Union-Content-New Business,GULF COAST COMMUNITY Federal Credit Union,MS,cu,242-cu,242
Posted,6/19/15,How Can Employers Recognize Financial Stress,http://go.hfcu.org/financial-education/how-to-spot-signs-of-financial-stress-among-employees,Renee Siu,HANSCOM Federal Credit Union-Content-Existing Business,HANSCOM Federal Credit Union,MA,cu,9095-cu,9095
Posted,5/1/15,Build Credit,https://hcfcu.com/studentcredit/,Renee Siu,HARRIS COUNTY Federal Credit Union-None-New Business,HARRIS COUNTY Federal Credit Union,TX,cu,7552-cu,7552
Posted,10/2/15,Auto Loans 101,https://hcfcu.com/auto-guide/,Renee Siu,HARRIS COUNTY Federal Credit Union-Content-Existing Business,HARRIS COUNTY Federal Credit Union,TX,cu,7552-cu,7552
Posted,4/1/15,,https://hcfcu.com/autobuying/,Renee Siu,HARRIS COUNTY Federal Credit Union-None-New Business,HARRIS COUNTY Federal Credit Union,TX,cu,7552-cu,7552
Posted,9/18/15,ID Security on Holiday Vacation,http://blog.hitelfcu.com/2015/09/18/keeping-your-identity-safe-during-holiday-travel/,Renee Siu,HAWAIIAN TEL Federal Credit Union-Content-Existing Business,HAWAIIAN TEL Federal Credit Union,HI,cu,1717-cu,1717
Posted,5/6/15,Fund Summer Vacation,https://www.hawaiistatefcu.com/financial-education/wallet-wisdom/254-affordable-summer-vacation.html,Renee Siu,HAWAII STATE Federal Credit Union-Content-New Business,HAWAII STATE Federal Credit Union,HI,cu,1718-cu,1718
Posted,10/30/15,*Holiday Shopping: Credit vs. Debit Cards,http://www.hbtbank.com/holiday-shopping,Renee Siu,Heartland Bank and Trust Company-Content-Existing Business,Heartland Bank and Trust Company,IL,bk,20369-bk,20369
Posted,7/16/15,Getting Your Finances Ready for a New School Year,http://www.hbtbank.com/Start-to-the-School-Year,Renee Siu,Heartland Bank and Trust Company-Mixed-New Business,Heartland Bank and Trust Company,IL,bk,20369-bk,20369
Posted,3/23/15,,https://www.honolulufcu.com/newsletters/0315_MoneyTree.pdf,Renee Siu,HONOLULU Federal Credit Union-None-New Business,HONOLULU Federal Credit Union,HI,cu,1830-cu,1830
Posted,3/23/15,,https://www.honolulufcu.com/newsletters/0315_MoneyTree.pdf,Renee Siu,HONOLULU Federal Credit Union-Content-Existing Business,HONOLULU Federal Credit Union,HI,cu,1830-cu,1830
Posted,6/1/15,Post Grad Financial Life,https://www.honolulufcu.com/newsletters/0615_MoneyTree.pdf,Renee Siu,HONOLULU Federal Credit Union-Content-New Business,HONOLULU Federal Credit Union,HI,cu,1830-cu,1830
Posted,4/24/15,,https://hopewellfederal07.wordpress.com/2015/04/24/5-uses-for-a-home-equity-line-of-credit/,Renee Siu,HOPEWELL Federal Credit Union-None-Existing Business,HOPEWELL Federal Credit Union,OH,cu,15307-cu,15307
Posted,7/1/15,Lower Loan Rates,http://autotrek.com/lower-loan-rates/,Renee Siu,HORIZONS NORTH Credit Union-Content-Existing Business,HORIZONS NORTH Credit Union,CO,cu,68274-cu,68274
Posted,4/20/15,Tax refund,https://moneyrep.iaacu.org/2015/04/using-your-tax-refund-wisely/,Renee Siu,IAA Credit Union-Content-Existing Business,IAA Credit Union,IL,cu,68423-cu,68423
Posted,7/15/15,How much should you save in your 20s?,https://www.iccu.com/top-savings-goals-for-millennials/,Renee Siu,Idaho Central Credit Union-Mixed-New Business,Idaho Central Credit Union,ID,cu,63194-cu,63194
Posted,5/20/15,Head Start on Career,https://www.idealcu.com/blog/entry/use-summer-vacation-to-get-a-head-start-on-your-career,Renee Siu,Ideal Credit Union-Content-New Business,Ideal Credit Union,MN,cu,62978-cu,62978
Posted,5/7/15,Financing Home Improvements,https://www.itcu.org/articles/best-ways-to-finance-home-improvements,Renee Siu,INTOUCH Credit Union-None-New Business,INTOUCH Credit Union,TX,cu,68505-cu,68505
Posted,1/29/15,,https://www.itcu.org/articles/travel-rewards-cards-can-become-worthy-companions,Renee Siu,INTOUCH Credit Union-None-New Business,INTOUCH Credit Union,TX,cu,68505-cu,68505
Posted,2/2/15,4 Steps to Financial Fitness,https://www.memberadviser.com/kernfcu/e_article003113976.cfm?x=b11,0,w,Renee Siu,KERN Federal Credit Union-Content-Existing Business,KERN Federal Credit Union,CA,cu,6032-cu,6032
Posted,5/8/15,Lending by Example,https://www.memberadviser.com/kernfcu/e_article003163117.cfm?x=b11,0,w,Renee Siu,KERN Federal Credit Union-Content-New Business,KERN Federal Credit Union,CA,cu,6032-cu,6032
Posted,3/15/15,Tax Tips,https://www.memberadviser.com/kernfcu/e_article003130554.cfm?x=b11,0,w,Renee Siu,KERN Federal Credit Union-Content-Existing Business,KERN Federal Credit Union,CA,cu,6032-cu,6032
Posted,3/9/15,,https://www.memberadviser.com/kernfcu/e_article003130554.cfm?x=b11,0,w,Renee Siu,KERN Federal Credit Union-None-New Business,KERN Federal Credit Union,CA,cu,6032-cu,6032
Posted,10/1/15,Kasasa Cash vs. BoA,https://www.memberadviser.com/kernfcu/e_article003239316.cfm?x=b11,0,w,Renee Siu,KERN Federal Credit Union-Content-Existing Business,KERN Federal Credit Union,CA,cu,6032-cu,6032
Posted,3/30/15,Financial Advisor,https://www.lrrcu.org/what-to-know-bring-and-ask-before-meeting-with-a-financial-advisor/,Renee Siu,Lancaster Red Rose Credit Union-Content-New Business,Lancaster Red Rose Credit Union,PA,cu,60113-cu,60113
Posted,2/23/15,Gas Costs,https://www.lrrcu.org/falling-gas-costs-keep-smart-spending-habits/,Renee Siu,Lancaster Red Rose Credit Union-Content-Existing Business,Lancaster Red Rose Credit Union,PA,cu,60113-cu,60113
Posted,6/15/15,Save for Summer Vacation,https://www.lrrcu.org/first-rate-vacations-without-first-class-spending/,Renee Siu,Lancaster Red Rose Credit Union-Content-Existing Business,Lancaster Red Rose Credit Union,PA,cu,60113-cu,60113
Posted,4/2/15,,http://www.lbsfcu.org/newsletter/become-a-savvy-first-time-home-buyer,Renee Siu,LBS FINANCIAL Credit Union-Content-New Business,LBS FINANCIAL Credit Union,CA,cu,68460-cu,68460
Posted,7/16/15,Savings & Pet Insurance,https://www.libertybank.com/blog/ins-outs-pet-health-insurance/#.Va1jVJNViko and https://www.libertybank.com/blog/make-saving-a-priority/#.Va1j2pNViko,Renee Siu,Liberty Bank for Savings-Content-Existing Business,Liberty Bank for Savings,IL,bk,29009-bk,29009
Posted,4/21/15,,https://www.logixbanking.com/smartlab/making-and-financing-a-more-energy-efficient-home,Renee Siu,LOGIX Federal Credit Union-Content-New Business,LOGIX Federal Credit Union,CA,cu,1999-cu,1999
Posted,5/21/15,Home improvements,https://www.logixbanking.com/smartlab/making-and-financing-a-more-energy-efficient-home,Renee Siu,LOGIX Federal Credit Union-Content-Existing Business,LOGIX Federal Credit Union,CA,cu,1999-cu,1999
Posted,5/28/15,Why Bank Local?,https://www.maquoketasb.com/resources/blog/entry/the-big-impact-of-community-banks,Renee Siu,Maquoketa State Bank-Content-New Business,Maquoketa State Bank,IA,bk,17903-bk,17903
Posted,4/29/15,Financing College,https://www.massmutualfcuhb.org/home/fiFiles/static/documents/Financing%20College.pdf,Renee Siu,MASSMUTUAL Federal Credit Union-Content-New Business,MASSMUTUAL Federal Credit Union,MA,cu,24566-cu,24566
Posted,3/24/15,Mortgage Refinancing Options to Consider,https://www.massmutualfcuhb.org/home/fiFiles/static/documents/Mortgage%20Refi%20Options.pdf,Renee Siu,MASSMUTUAL Federal Credit Union-Content-New Business,MASSMUTUAL Federal Credit Union,MA,cu,24566-cu,24566
Posted,8/25/15,EMV Overall (Chip & Pin),https://www.massmutualfcuhb.org/home/fiFiles/static/documents/EMV%20Overview.pdf,Renee Siu,MASSMUTUAL Federal Credit Union-Content-Existing Business,MASSMUTUAL Federal Credit Union,MA,cu,24566-cu,24566
Posted,4/6/15,Summer vacations,http://matadorsmoneymatters.com/how-to-save-for-a-summer-vacation/,Renee Siu,MATADORS COMMUNITY Credit Union-Content-Existing Business,MATADORS COMMUNITY Credit Union,CA,cu,68483-cu,68483
Posted,7/28/15,Most of Checking Account,http://micommunitycu.blogspot.com/2015/07/6-ways-to-get-most-from-checking-account.html,Renee Siu,MICHIGAN COMMUNITY Credit Union-Content-Existing Business,MICHIGAN COMMUNITY Credit Union,MI,cu,62310-cu,62310
Posted,6/2/15,Vacation Funding,https://www.mhvfcu.com/guidance-advice/financial-tips-blog/june-2015/getting-creative-with-vacation-funding,Renee Siu,MID-HUDSON VALLEY Federal Credit Union-Content-New Business,MID-HUDSON VALLEY Federal Credit Union,NY,cu,15766-cu,15766
Posted,6/10/15,Free online checking,http://www.midwestcommunity.org/assets/1/7/FreeOnlineChecking_Final.pdf,Renee Siu,MIDWEST COMMUNITY Federal Credit Union-Content-New Business,MIDWEST COMMUNITY Federal Credit Union,OH,cu,9522-cu,9522
Posted,10/7/15,Benefits of personal loans,http://www.midwestcommunity.org/assets/1/7/Online_Document.pdf,Renee Siu,Guest Post,MIDWEST COMMUNITY Federal Credit Union,OH,cu,9522-cu,9522
Posted,8/4/15,Checking Account & EMV Chip,https://www.minnco.com/emv-cards,Renee Siu,MINNCO Credit Union-Content-Existing Business,MINNCO Credit Union,MN,cu,63639-cu,63639
Posted,3/2/15,Economical Summer Vacation Ideas,http://www.mnvalleyfcu.coop/yes-you-can-0,Renee Siu,MINNESOTA VALLEY Federal Credit Union-None-New Business,MINNESOTA VALLEY Federal Credit Union,MN,cu,19440-cu,19440
Posted,3/2/15,,http://www.mnvalleyfcu.coop/yes-you-can-0,Renee Siu,MINNESOTA VALLEY Federal Credit Union-Content-Existing Business,MINNESOTA VALLEY Federal Credit Union,MN,cu,19440-cu,19440
Posted,7/13/15,Tips for College Grads,https://www.nbcbanking.com/News/Financial-Tips-for-New-College-Grads/,Renee Siu,National Bank of Commerce-Content-New Business,National Bank of Commerce,WI,bk,14266-bk,14266
Posted,9/29/15,EMV Chip,https://www.nbcbanking.com/News/EMV-Chip-Cards-Explained/,Renee Siu,National Bank of Commerce-Content-Existing Business,National Bank of Commerce,WI,bk,14266-bk,14266
Posted,4/2/15,Renter's insurance,https://www.mynorthern.com/Articles/why_renters_insurance_is_a_must.aspx,Renee Siu,NORTHERN Credit Union-None-Existing Business,NORTHERN Credit Union,NY,cu,10578-cu,10578
Posted,4/2/15,,https://www.mynorthern.com/Articles/why_renters_insurance_is_a_must.aspx,Renee Siu,NORTHERN Credit Union-None-New Business,NORTHERN Credit Union,NY,cu,10578-cu,10578
Posted,5/6/15,Retirement,https://www.numarkcu.org/news/2015/Retirement_Savings_Tips_for_20Somethings.php,Renee Siu,NUMARK Credit Union-Content-New Business,NUMARK Credit Union,IL,cu,61447-cu,61447
Posted,4/27/15,,https://www.numarkcu.org/news/2015/Tips_on_Getting_a_Home_Ready_to_Sell.php,Renee Siu,NUMARK Credit Union-None-New Business,NUMARK Credit Union,IL,cu,61447-cu,61447
Posted,4/27/15,Prep to Sell Your Home,https://www.numarkcu.org/news/2015/Tips_on_Getting_a_Home_Ready_to_Sell.php,Renee Siu,NUMARK Credit Union-Content-Existing Business,NUMARK Credit Union,IL,cu,61447-cu,61447
Posted,7/1/15,Vacationing on a Budget,https://www.numarkcu.org/news/2015/Vacationing_on_a_Budget.php,Renee Siu,NUMARK Credit Union-Content-Existing Business,NUMARK Credit Union,IL,cu,61447-cu,61447
Posted,9/8/15,Back to School,https://www.numarkcu.org/news/2015/Back_to_School_Tips_for_Parents.php,Renee Siu,NUMARK Credit Union-Content-Existing Business,NUMARK Credit Union,IL,cu,61447-cu,61447
Posted,8/3/15,How mobile check deposits work,http://www.ohiovalleycu.org/uploads/qu_Mobileapps.pdf,Renee Siu,OHIO VALLEY COMMUNITY Credit Union-Mixed-New Business,OHIO VALLEY COMMUNITY Credit Union,OH,cu,60913-cu,60913
Posted,5/29/15,Why Bank Local?,https://www.ohnwardbank.com/resources/blog/entry/the-big-impact-of-community-banks,Renee Siu,Ohnward Bank & Trust-Content-New Business,Ohnward Bank & Trust,IA,bk,10111-bk,10111
Posted,2/17/15,,http://www.pnwfcu.org/site/edgeup_articles.html,Renee Siu,PACIFIC N W Federal Credit Union-None-New Business,PACIFIC N W Federal Credit Union,OR,cu,4878-cu,4878
Posted,2/17/15,,http://www.pnwfcu.org/site/edgeup_articles.html,Renee Siu,PACIFIC N W Federal Credit Union-None-Existing Business,PACIFIC N W Federal Credit Union,OR,cu,4878-cu,4878
Posted,7/29/15,ID Security,http://bankparagon.com/blog/2015/7/29/5-steps-to-cut-your-data-security-risks,Renee Siu,Paragon Bank-Content-Existing Business,Paragon Bank,TN,bk,57874-bk,57874
Posted,7/13/15,7 budgeting tips for young professionals,http://www.patriotbankusa.com/wp-content/uploads/Budget-Tips-07.13.15.pdf,Renee Siu,Patriot Bank-Content-New Business,Patriot Bank,TX,bk,3258-bk,3258
Posted,11/18/15,Tips for 1st Time Homebuyers,http://pioneerbanknews.com/2015/11/18/4-factors-for-first-time-homebuyers-to-keep-in-mind-bestbank-mortgage-homeloan/,Renee Siu,Pioneer Bank-Content-New Business,Pioneer Bank,NM,bk,27872-bk,27872
Posted,5/6/15,Home Equity Loans,https://www.pointwestcu.com/pw_blog/?p=1526,Renee Siu,Point West Credit Union-Content-Existing Business,Point West Credit Union,OR,cu,63971-cu,63971
Posted,5/6/15,,https://www.pointwestcu.com/pw_blog/?p=1526,Renee Siu,Point West Credit Union-None-New Business,Point West Credit Union,OR,cu,63971-cu,63971
Posted,4/1/15,Car Buying,https://www.pointwestcu.com/pw_blog/2015/04/nerdwallet-hot-tips-for-buying-your-next-car/,Renee Siu,Point West Credit Union-Content-Existing Business,Point West Credit Union,OR,cu,63971-cu,63971
Posted,9/22/15,"The Top 5 Tips To Know Before Shopping For a Car",https://www.premieronecu.org/?Cabinet=MAIN&Drawer=ACCOUNTS&Folder=More&SubFolder=The+Credit+Zone+Blog&page_name=Blog,Renee Siu,Premier One Credit Union-Content-New Business,Premier One Credit Union,CA,cu,68540-cu,68540
Posted,4/28/15,Spring Cleaning,https://www.radiusbank.com/assets/files/n4rLPwyg,Renee Siu,Radius Bank-Content-Existing Business,Radius Bank,MA,bk,32551-bk,32551
Posted,6/25/15,Guarding Your Data,https://www.redwoodcu.org/ask-rcu/article?kbid=3895,Renee Siu,REDWOOD Credit Union-Content-New Business,REDWOOD Credit Union,CA,cu,60793-cu,60793
Posted,8/13/15,First Time Home Buyer Tips,https://www.reliabank.com/files/Tipsfor1stTimeHomebuyers_081215.pdf,Renee Siu,Reliabank Dakota-Content-Existing Business,Reliabank Dakota,SD,bk,16221-bk,16221
Posted,8/17/15,Saving Account Choices,http://www.royalbankamerica.com/blog/choosing-the-right-savings-account/,Renee Siu,Royal Bank America-Content-Existing Business,Royal Bank America,PA,bk,18962-bk,18962
Posted,9/10/15,"The Top 5 Reasons to Go Paperless",https://www.sanfranciscofcu.com/sites/www.sanfranciscofcu.com/files/files/Top%20Reasons%20to%20Go%20Paperless.pdf,Renee Siu,SAN FRANCISCO Federal Credit Union-Content-New Business,SAN FRANCISCO Federal Credit Union,CA,cu,24542-cu,24542
Posted,4/17/15,Home financing,http://smcu.com/Blog/post/home_improvement_planning_and_financing_made_easy.html,Renee Siu,SEATTLE METROPOLITAN Credit Union-Content-New Business,SEATTLE METROPOLITAN Credit Union,WA,cu,68315-cu,68315
Posted,3/13/15,Tax Preparation,https://security1stbank.com/2015/02/tax-prep-getting-ready-file-april-15th/,Renee Siu,Security First Bank-Content-New Business,Security First Bank,NE,bk,5415-bk,5415
Posted,7/7/15,Matching Marriage,https://security1stbank.com/2015/07/how-to-match-marriage-and-money/,Renee Siu,Security First Bank-Content-Existing Business,Security First Bank,NE,bk,5415-bk,5415
Posted,9/16/15,Financial Tips for College Students,https://www.selco.org/FinancialTipsforCollegeStudents/,Renee Siu,SELCO COMMUNITY Credit Union-Content-Existing Business,SELCO COMMUNITY Credit Union,OR,cu,63196-cu,63196
Posted,9/22/15,"Refinancing your auto loan",https://www.socu.com/media-news/refinancing-an-auto-loan-could-yield-a-better-deal/,Renee Siu,SERVICE ONE Credit Union-Content-New Business,SERVICE ONE Credit Union,KY,cu,62484-cu,62484
Posted,8/5/15,Home Improvement Loans,http://www.spiritofak.com/about-us/news-bites.html,Renee Siu,SPIRIT OF ALASKA Federal Credit Union-Content-New Business,SPIRIT OF ALASKA Federal Credit Union,AK,cu,13583-cu,13583
Posted,3/13/15,Fraud Protection Tips,http://www.spiritofak.com/about-us/news-bites.html,Renee Siu,SPIRIT OF ALASKA Federal Credit Union-Content-Existing Business,SPIRIT OF ALASKA Federal Credit Union,AK,cu,13583-cu,13583
Posted,3/13/15,CU vs. Banks,http://www.spiritofak.com/about-us/news-bites.html,Renee Siu,SPIRIT OF ALASKA Federal Credit Union-Content-New Business,SPIRIT OF ALASKA Federal Credit Union,AK,cu,13583-cu,13583
Posted,9/1/15,Living Well in Retirement,http://www.statebankofalcester.com/wp-content/uploads/2015/09/PV-Newsletter-September-2015.pdf,Renee Siu,State Bank of Alcester-Content-Existing Business,State Bank of Alcester,SD,bk,1116-bk,1116
Posted,11/10/15,Should you marry into your spouse's finances?,https://www.tegfcu.com/2015/11/09/the-pros-and-cons-of-marrying-your-finances/,Renee Siu,TEG Federal Credit Union-Content-New Business,TEG Federal Credit Union,NY,cu,19401-cu,19401
Posted,4/15/15,Budgeting for Newlyweds,http://www.texanscu.org/home/member/education/smart-money-moves-for-newlyweds,Renee Siu,TEXANS Credit Union-Content-New Business,TEXANS Credit Union,TX,cu,60806-cu,60806
Posted,10/5/15,Using a Buyer?s Market to Get the House You Love,http://www.texanscu.org/home/member/education/using-a-buyers-market-to-get-the-house-you-love?utm_source=SubscriberMail&utm_medium=email&utm_campaign=eCurrents%20Newsletter%20-%20Summer%20Edition%202015%20%28Q3%29&utm_term=&utm_content=0,Renee Siu,Guest Post,TEXANS Credit Union,TX,cu,60806-cu,60806
Posted,11/12/15,Christmas Club Accounts,https://www.fnbstaunton.com/Blog/Posts/20/Uncategorized/2015/11/Christmas%20Club%20Accounts%20-%20A%20Better%20Way%20to%20Save%20for%20the%20Holidays/,Renee Siu,The First National Bank in Staunton-Content-New Business,The First National Bank in Staunton,IL,bk,14924-bk,14924
Posted,9/1/15,How many credit cards is too many,https://www.memberadviser.com/tpfcu/index.cfm,Renee Siu,THE PEOPLE'S Federal Credit Union-Content-New Business,THE PEOPLE'S Federal Credit Union,TX,cu,8290-cu,8290
Posted,6/29/15,Retirement Savings,http://vcnbfamily.me/2015/06/30/the-thirties-time-to-get-serious/,Renee Siu,THE VINTON COUNTY NATIONAL BANK-Content-New Business,THE VINTON COUNTY NATIONAL BANK,OH,bk,6636-bk,6636
Posted,8/28/15,Fraud Prevention,https://thurstonfirstbank.com/boost-your-banking-security/,Renee Siu,Thurston First Bank-Content-Existing Business,Thurston First Bank,WA,bk,57862-bk,57862
Posted,7/1/15,Benefits of a Financial Check Up,https://tfcunow.com/media/doc/36979-NEWS-0615.pdf,Renee Siu,TICONDEROGA Federal Credit Union-Content-New Business,TICONDEROGA Federal Credit Union,NY,cu,9219-cu,9219
Posted,7/6/15,Leasing vs. Buying your Automobile,http://www.tohefcu.org/home/loans/vehicle,Renee Siu,TOWN OF HEMPSTEAD EMPLOYEES Federal Credit Union-Mixed-New Business,TOWN OF HEMPSTEAD EMPLOYEES Federal Credit Union,NY,cu,15539-cu,15539
Posted,4/29/15,,http://www.transwestcu.com/home/fiFiles/static/documents/twcuexpress_2015Qtr2.pdf,Renee Siu,TRANSWEST Credit Union-None-New Business,TRANSWEST Credit Union,UT,cu,66705-cu,66705
Posted,5/29/15,Mortgage,http://www.transwestcu.com/home/fiFiles/static/documents/twcuexpress_2015Qtr2.pdf,Renee Siu,TRANSWEST Credit Union-Content-Existing Business,TRANSWEST Credit Union,UT,cu,66705-cu,66705
Posted,5/8/15,Retirement Savings,http://www.trianglecu.org/home/blog/guestposts/getting-a-head-start-on-retirement-savings,Renee Siu,TRIANGLE Credit Union-Content-New Business,TRIANGLE Credit Union,NH,cu,68210-cu,68210
Posted,9/2/15,Finances for Heading to College,http://tropicalfcu.blogspot.com/2015/09/ready-for-college-and-life-on-your-own.html,Renee Siu,TROPICAL FINANCIAL Credit Union-Content-Existing Business,TROPICAL FINANCIAL Credit Union,FL,cu,68476-cu,68476
Posted,5/21/15,Bad Financial Habits,http://unitedfcu.com/advice/hub/10-bad-financial-habits-to-break/,Renee Siu,UNITED Federal Credit Union-Content-New Business,UNITED Federal Credit Union,MI,cu,6288-cu,6288
Posted,6/8/15,Homebuying & Car Buying Process,https://unitedfinancialcu.wordpress.com/2015/06/08/5-things-to-know-before-buying-a-home/,Renee Siu,UNITED FINANCIAL Credit Union-Content-New Business,UNITED FINANCIAL Credit Union,MI,cu,61657-cu,61657
Posted,4/17/15,Car Buying Tips & School Prep,https://usacu.wordpress.com/2015/04/17/7-tips-to-keep-in-mind-when-buying-a-car/,Renee Siu,USAGENCIES Credit Union-Content-Existing Business,USAGENCIES Credit Union,OR,cu,64103-cu,64103
Posted,8/3/15,Credit Card Tips for Teens & Budgeting w/ Uncertain Income,http://blog.usacu.org/2015/08/03/budgeting-when-your-income-ebbs-and-flows/,Renee Siu,USAGENCIES Credit Union-Content-Existing Business,USAGENCIES Credit Union,OR,cu,64103-cu,64103
Posted,4/17/15,Picking a Car,https://usacu.wordpress.com/2015/04/17/how-to-find-the-right-car-for-you/,Renee Siu,USAGENCIES Credit Union-Content-New Business,USAGENCIES Credit Union,OR,cu,64103-cu,64103
Posted,4/6/15,Car Loan,https://www.facebook.com/utahfirst/app_208195102528120,Renee Siu,UTAH FIRST Federal Credit Union-None-New Business,UTAH FIRST Federal Credit Union,UT,cu,528-cu,528
Posted,4/6/15,Auto Loans,https://www.facebook.com/utahfirst/app_208195102528120,Renee Siu,UTAH FIRST Federal Credit Union-Content-Existing Business,UTAH FIRST Federal Credit Union,UT,cu,528-cu,528
Posted,5/8/15,Securing Your ID,https://www.veridiancu.org/news/advice/keeping-your-id-and-account-details-secure-.aspx,Renee Siu,Veridian Credit Union-Content-New Business,Veridian Credit Union,IA,cu,64418-cu,64418
Posted,8/4/15,Security Scams,https://www.veridiancu.org/news/advice/common-scams-and-how-to-avoid-them.aspx,Renee Siu,Veridian Credit Union-Content-Existing Business,Veridian Credit Union,IA,cu,64418-cu,64418
Posted,6/24/15,Building Credit Now,http://www.waialuafcu.com/credit-ills-can-fixed-heres/,Renee Siu,WAIALUA Federal Credit Union-Content-New Business,WAIALUA Federal Credit Union,HI,cu,2049-cu,2049
Posted,5/20/15,Spring Financial Cleaning,http://wakotafcu.org/wakota-fcu-blog/,Renee Siu,Wakota Federal Credit Union-Content-Existing Business,Wakota Federal Credit Union,MN,cu,24579-cu,24579
Posted,1/30/15,,http://wakotafcu.org/wakota-fcu-blog/,Renee Siu,Wakota Federal Credit Union-None-New Business,Wakota Federal Credit Union,MN,cu,24579-cu,24579
Posted,11/18/15,Holiday shopping - budgeting, best practices, best credit cards for online shopping,http://www.westcommunitycublog.org/2015/11/18/shop-smart-and-safe-during-the-holiday-season/,Renee Siu,West Community Credit Union-Content-New Business,West Community Credit Union,MO,cu,62801-cu,62801
Posted,8/4/15,Teachers' Retirement,http://wftfcu.com/index.php/a-short-course-on-teacher-retirement/,Renee Siu,WICHITA FALLS TEACHERS Federal Credit Union-Content-New Business,WICHITA FALLS TEACHERS Federal Credit Union,TX,cu,2112-cu,2112
Posted,8/4/15,Improving your credit,https://www.wincu.org/about-us/financial-literacy-articles,Renee Siu,WINNEBAGO COMMUNITY Credit Union-Content-New Business,WINNEBAGO COMMUNITY Credit Union,WI,cu,66437-cu,66437
Posted,10/8/15,*EMV Chip Cards,https://www.yorktraditionsbank.com/wp-content/uploads/2015/10/YTB_2015_Fall-Newsletter.pdf,Renee Siu,York Traditions Bank-Content-New Business,York Traditions Bank,PA,bk,57377-bk,57377
